<?xml version="1.0" encoding="UTF-8"?>
<ifindex version="1.0" xmlns="http://babel.ifarchive.org/protocol/iFiction/">
    <story>
        <identification>
            <ifid>E0A5AFB9-18BF-4485-B083-426CA51CCE70</ifid>
            <format>glulx</format>
        </identification>
        <bibliographic>
            <title>Hell Ride</title>
            <author>No Shoes</author>
            <headline>The ride of a lifetime...</headline>
            <genre>Horror</genre>
            <firstpublished>2025</firstpublished>
            <description>Hell Ride - A ride to remember...<br/>You're a part-time reporter for The Tribune, the local newspaper. Earlier in the day, your editor called you and told you of a conversation he overheard between the Chief of Police and his Deputy about Whidbey Amusements. It seems there has been a rash of accidents and mishaps at the carnival. Sounds like there could be something suspicious going on. The editor wants you to collect evidence and write a hard hitting piece about this story. If you do a good job, maybe the paper will hire you on full-time.<br/>As you explore the carnival, you learn (the hard way) that the Hell Ride attraction is malfunctioning with the potential for serious injuries to the riders. You must disable the ride off and prevent any loss of life... including your own.</description>
            <language>en</language>
            <group>Inform</group>
        </bibliographic>
        <resources>
            <auxiliary>
                <leafname>Hell Ride Map.png</leafname>
                <description>Hell Ride Map</description>
            </auxiliary>
        </resources>
        <cover>
            <format>png</format>
            <height>1024</height>
            <width>1024</width>
            <description>Hell Ride Facade</description>
        </cover>
        <releases>
            <attached>
                <release>
                    <releasedate>2025-03-25</releasedate>
                    <version>204</version>
                    <compiler>Inform 7</compiler>
                    <compilerversion>Inform 10.1.2 (build )</compilerversion>
                </release>
            </attached>
        </releases>
        <colophon>
            <generator>Inform 7</generator>
            <generatorversion>Inform 10.1.2 (build )</generatorversion>
            <originated>2025-03-25</originated>
        </colophon>
        <glulx>
            <serial>250325</serial>
            <release>204</release>
            <compiler>Inform Inform 10.1.2 (build )</compiler>
            <coverpicture>1</coverpicture>
        </glulx>
    </story>
</ifindex>
